commentaire,label
utilisation developpement personnel excellent livrer balayer type profil blessure recommander travail priorite,1
livrer lire relire mieux decouvrir auteur formidable bluffer description,1
apprendre changer choses comprendre tolerance comportement humain arriver deviner categorie trouver adapter facon communiquer,1
rechercher livrer interessant recommander complement therapie bonne lecture,1
parfait adorer recommander remettre question reflechir agir vis vis reaction agir vis vis enfant bonne lecon,1
livrer reflechir vraiment mal annee licence psycho remettre mal question fiabilite information autrice psychologue chercheur psychologie remiser question interessant,1
livrer interessant relation corps esprit confirmer lier falloir evidemment garder esprit provenance maladie multifactorielle auteur proposer pister mettre main initiees rejeter livrer couvrir prouver scientifiquement bemol livrer lien dieu plutot univers evident science spiritualite religion lier exister allier discipline separer interessant debat responsabilisation difficile entendre problematique trauma vecu depend vie precedentes ame vouloir reparer vouloir responsable responsabilisation amene pardonner accepter vie guerir ame long fleuve tranquille,1
responsable vie excellent question opinion cas vecu blessure prendre effectivement travailler decouvrir calmer interessant lire priori mettre placer philosophie,1
livrer comprendre choses mettre insconciemment placer proteger nuit fonctionnements alterent relater vrai travail priser conscience travail jour,1
aimer livrer recommander fauter livrer comprendre fonctionnement,1
comprendre petit condenser observation morphologie caractere attacher conseil vivre quotidien coeur eme,1
enrichissant complet explication port masquer correspondre blessure expliciter claire concis travers exemple explication retrouver blessure enfance chapitrer guerison complet suite acheter livrer guerir blessure ame petit bemol coter reincarnation ms ke prendre vouloir,1
donner noter livrer apporter info psychologie structurer livrer,1
commentaire aimer genre livrer mauvais surprise commentaire long dissertation genre article,1
livrer reference lire relire ouvrager facile lire format pocher top,1
livrer epoustouflant verite analyser aider cheminement connaissance acceptation reconnaissance,1
bouquin lit facilement aider voir blessure remedier apprendre blessure comprendre,1
envier aller loin conseiller vivement entamer travail introspection personnel suite douleur repetitives accumuler,1
facile lireje finir interessant comprendre mieux fonctionner noter entourageje recommander souhaiter travail personnel,1
merveilleux ouvrager petit livrer prendre conscience enfermer entamer processus guerison vie livrer heureux lise bourbeau,1
livrer sensationnel prete relierai plaisir chapitrer succincts clair lit facilement recommander,1
oui venter blessure douter retrouver livrer detour blessure exposee courage,1
livrer simple portee livrer conseiller souhaiter mieux comprendre comprendre,1
temps parcourir trouver utile cadeau ami reellement besoin trouver exprimer souffrance reel blocage lu titrer perturber psy avancer doucement avancer commander,1
livrer interessant mettre main travail connaissance veritable competence demander recul,1
livrer eclaire su entourage sui evoluer recommander vivement,1
livrer instructif utile mieux connaitre conseiller vivement travailler secteur socio educatif,1
lecture passionnant decouvrir comprendre ecrit simple comprendre aider utile,1
petit livrer facile mieux connaitre comprendre entourageun livrer petit auteur effcacite,1
aimer lise bourbeau simplicite intelligence ravient coeur mal cheminer developpement personnel penser blessure passer vecu enfant penser pardonner etait lire page etonne pouvoir decouvrir ete,1
livrer reference expliquer exemple concret riche bemol personnel aimer styler ecrit livrer reference,1
lire offrir livrer reflechir amene lent changement facon voir ecriture agreable fluide,1
livrer prendre conscience blessure permettre avancer acceptation comportement pensees agissement finir aimer lise,1
livrer excellent expliquer caracteristiques blessure description physique type blessure puissant,1
livrer interessant condenser rechercher interieur terminer recommander lecture,1
incontournable simple ecrit repetitions resumes penibles americaine relire an impregner vouloir appliquer depasser stade simple lecture offrir parent savoir lire,1
colis arriver rapidement livrer etat ecornures deplorer livrer petit merveille attention lecture obliger mieux connaitre prendre action ameliorer etat emotionnel excuser,1
aimer livrer vue description pareil mari recommander livrer initier analyser personnel avancer quietude chemin reducteur,1
lise bourbeau decrit livrer grand blessure baser vecues etres humain masquer correspondant mis placer cacher voulu regler observer masquer traduire apparence physique typique decrite dessinee apparence manifester clairement auteur citer maintes repriser adage corps mentir livrer resume theories elaborees lise bourbeau experience therapeute hesite propre blessure livrer,1
livrer top lu vitesse record copain appris,1
livrer adresser envisager travail interieur liberation debut explication completes falloir prendre lecteur plonger comprehension vie grace information justesse effectuer therapie profondeur obliger croire theories enoncees lire ressentir phraser reconnaître comportement causer motivation machination miser placer arriver survivre blessure remonter experiences douloureux temps replonger souffrance information distillees sortir prendre conscience origine charger emotionnelle maintenir placer evapore fin livrer chapitrer reparation bref arriver travail avancer grace priser conscience lecture livrer approfondir noter acceptation amour inconditionnel appliquer principe guerison spirituel reporter livrer grand guider relire ensuite livrer blessure deuxieme lecture comprendre niveau mesurer progres,1
essentiel revient baser comprendre souffrance blessure accepter ideal debuter travail,1
livrer facile lire travail interieur progressif priser conscience douceur entourage recommander vivement adepte developpement personnel passionnes rapport humain,1
retrouvee blessure explication simplement ecrites comprehensible recommander,1
eclairage enrichissant regarder mieux,1
livrer vrai revelation lire vouloir travail comprendre mode fonctionnement aspect stereotypes ensemble interessant vraiment eclairant,1
pouvoir reconnaitre aimezsi poser question profond vouloir vraiment connaitrec moment,1
super recu dater prevu commencer lire formidable,1
hasard tombee livrer ami interessee developpement personnel blessure ame lu rapidement savoir expliquer blessure cru rejet reconnu abandon blessure trahison controllant correspondre oui livrer interessant prendre conscience difficultes eprouver ensuite compassion conseiller espere aider guerir croire reincarnation maladie blessure hereditaires,1
livrer interessant enrichissant quelqu souhaiter eclairages propre conditionnement hesitez recommander,1
apprendre terme simple blessure ame signer exterieurs provenance livrer interessant instructif lire,1
recommander travail apprendre connaitre livrer travail personnel,1
achat meilleur choses arrivee lecture livrer fou etais sentir decouverte livrer decouverte passion lecture guidee envier apprendre,1
livrer lire bout repetitions message rentrer mieux recommander,1
livrer aider precieuse comprendre comprendre volume lire mentir reconnaitre recommander vivre mal,1
livrer interessant lire fauter francais apprendre choses petit deception decouvrir guerir falloir acheter deuxieme tome,1
livrer permettre mieux apprehender fonctionnement facile lire ludique amener regler problemes cacher medicaments lol,1
etonnant bouquin circuler ami membre famille mieux comprendre souffrance preuve compassion critiquer vis vis recommander vivement,1
ouvrager qualite interessant pocher aimer lire ouvrager facile lire,1
periodes sentir mal devoir passer coter solution remedier difficile entrer clairvoyance livrer eclairer exemple comportement riche explication guerir aller mieux pardonner blessure pardonner souffrir comporter aimer hesitez lire livrer apprendre connaitre reconnaitre,1
excellent livrer apporter lumieres comportement blessure masquer monde lire,1
ouvrager litteralement cree onde choc decouvert apprendre contenu masquer correspondre blessure principal allumer lumiere vie realise voir vraiment clair conseiller poser question tourner rond accrocher experiences douloureux rengaine,1
facile lire premieres page prendre deuxieme degres livrer psychologie interessant retrouver automatiquement masquer,1
livrer simple particulierement interessant forcement initiees spiritualite regard tolerant croiser,1
livrer devorer jour aider comprendre reaction face evenement,1
livrer incontournable ete revelation facile lire comprendre regorger exemple mieux comprendre corps comportement tomber masquer acheter livrer decus surconseille,1
libre intriguer prendre reincarnations exister intriguer revelation bouleverser vision vie bonne causer pouvoir sortir schemas repetitifs reconnu,1
recommander livrer mal comprendre comprendre comportement souffrance livrer accessible donner cles agissement livrer pedagogique donner sens,1
superenfin livrer reference baser comprehensions soile choix famille laquel nait aberrer graver utile,1
livrer guider souhaiter detriment croyance peur amenes porter masquer blesser lecteur,1
livrer genial genre decouvrir nouvelle maniere voir rapport blessure engendrees maniere inconscient forte influencer facon voir vie lien,1
adhere trouver livrer poser question interessantes offrir spectre interpretation ouvrir vision,1
livrer decrit principal blessure principal personnalites instructifreste travailler masquer efficace,1
livrer redonner echelle vrai aider prendre cap difficilles relativiser chose,1
livrer conseil permettre mieux vivre blessure choix eclairesmerci livraison bonne dû former,1
lire relire reconnait reconnaitre comprendre comportement entourage comprendre blessure faconnent physiquement remarquer grand nombre autour fasciner,1
lise bourbeau fidele ecriture livrer permis ouvrir oeil grand membre famille dela ecriture simple noter fin blessure description detaillee masquer aisement croisement blessure masquer porter recommander therapie relation aider developpement personnel,1
lu journee lecture fluide agreable digeste permis apprendre enormement terme utiliser clairement expliquer debut livrer coherent approcher auteur croyant confession sentir offusquer recommander vraiment excellent rapport qualite prix,1
monde retrouver retrouver aider comprehension,1
etudiante master psychopathologie psychologie clinique livrer donner cles futur pratiquer clinicien blessure vecues enfance incidence corporel psychique claire comprehensibles livrer accessible lire,1
aimer livrer trouver instructif falloir garder esprit critiquer experimenter theories auteur interessant,1
livrer genial blessure ame lire interpreter facilement livrer lise bourbeau appris recommander,1
ouvrager poser baser blessure ame prendre conscience blessure aider accepter aider soigner debuter travail personnel livrer adapter interroger amene reflexion partir venir terminer devoir mettre pratiquer,1
mystique vocabulaire excellent livrer livrer garder recul personnel,1
livrer vrai guider mieux connaitre comprendre facile acces inities ame,1
petit livrer reponses aider vraiment mieux comprendre avancer mme bourbeau,1
simple lire porteur public quete reponse comportement inconscient recommander livrer ouvrir porter vouloir guerir,1
livrer aidee vivre periode difficile vie apprendre contrairement ouvrage jargon psy comprehension compliquee livrer accessible revanche indispensable point vue procurer suite guerison blessure blessure comprendre guerison blessure agir livrer cles main mieux vivre lire relire moderation,1
mal premiere lecture partir falloir approfondir chose manquer quizz permettre savoir facon precise blessure souffrir,1
incontestablement livrer lire titrer attiser curiosite poser mal question repondu attente trouvee description blessure retrouver connaissance ete heureux voir suite guerison blessure etait venter,1
petit douceur faciliter lire simple comprendre livrer prendre conscience blessure ame satisfait,1
chercher terrer livrer permettre mieux comprendre apprehender vie,1
travers livrer decouvre apprehender cri invisible destructeur prendre conscience resonne blesser vouloir mal sentir offusquer miroir repulsif evidement reciproque egard importer savoir reconnaitre accepter phase facile facile appliquer,1
grace livrer decouvert choses entourage poursuivre travail recommander,1
correspondre attente satisfait produit,1
interessant instructif livrer enormement reflechir devenir presque livrer chevet,1
achete curiosite blessure parcourir livrer plaisir aider vaisle prendre mere avouer blessure passer generations generations aimer utiliser auteur dedramatise,1
livrer psychologie facile lire adepte psychologie donner clef question erreur,1
complet detaille description blessure facile lire malheureusement pister aider solution guerir apprendre vivre blessure,1
amene reellement reflechir montrer savoir propos livrer reellement interessant conseiller vraiment,1
grand livrer conseiller envier apprendre avantager blessure mieux identifier,1
excellent livrer aider comprendre comportement enfant offrir ami,1
pepite livrer aider remettre question corriger poser probleme vrai priser conscience,1
livrer aider redecouvrir accepter voir reagit facon naturopathe travailler livrer lu relu patienter redecouvre,1
petit ouvrager aborder question manquer poser fil existence angoisser mal aider comprendre tourment entamer travail interieur recouvrer sante harmonie serenite lier,1
diriger genre lecture hasard prendre livrer commencer feuillete allees fnac coup coeur premieres ligne adorer illustration physique blessure masquer porter livrer vrai cadeau besoin lire chose rafraichissant accessible surmonter incomprehensions entourage attitude etrange disproportionnees deception court restee faim chercher continuer rechercher finir diriger pnl,1
ouvrager prendre conscience enormement choses ouvrager liberateur reparateur recommander conseiller amateur developpement personnel titrer auteur,1
livrer decouvrir blessure apprendre passer facon interioriser evenements survenir,1
instructif emsemble livrer reel retrouver partir recommander ouvrager moderation,1
offrir soeur devore etait ravir aider,1
priser conscience interieur erreur commettre changer apprendre pardonner oublier mauvais choses passer livrer recommander fortement,1
livrer instructif recommander mal personnalite chercher trouver facile lire connaitre,1
livrer permis decouvrir proteger chef hierarchique particulierement retord malfaisant permis decouvrir propre blessure guerir,1
adorer livrer comprendre choses evoluer recommander vivement auteur hate lire,1
livrer falloir travail developpement personnel rassurer clarte recommander,1
livrer decouvrir interessant etudier relire partager recommander su poser question reactions,1
apprendre parent apprendre pardonner reproduire deuxieme bouquin donner pister ameliorer,1
ouvrager permis identifier blessure recommander clair apporter vrai eclairage conditionnement porter,1
excellent livrer dur lire pret reconnaitre propre blessure interieurs longue dater reactions nuire reponses partir lecture ete delivrance permettre mieux connaitre comprendre recommander,1
aimer livrer partager offrir livrer aider mieux connaitre connaitre lu passage simplement difficile regarder miroir masquer collegues livrer chevet corps aimer lise bourbeau lire jour lu blessure empechent acheter collegue,1
pepite amateur developpement personnel personnellement changer lecture prendre recul mieux analyser situation offrir,1
ouvrager fondamental langage blessure resonne completer livrer guerison blessure,1
adopter sens spirituel auteur constater justesse analyser livrer lecteur debut remiser causer comportement reflexe aboutir equilibre retrouver,1
livrer interessant donner cles mettre explication comportement apprendre connaitre recommander vivement lise,1
livrer ecrit faciliter comprehension portee monde recommander,1
lire mieux comprendre connaitre lecture facile renvoyer propre histoire,1
aimer livrer expliquer exemple concret tester sentir vraiment dur lire mettre pratiquer conseil prodiguer duree,1
livrer traiter emotions construire vie corps auteur definit blessure principal facons comportemental penser agir facile lire accessible attention propre miroir pret,1
trouver livrer aider voir clairement vie recommander rechercher,1
lecture livrer prendre definit type retrouver blessure achete uniquement besoin vouloir acheter hesitez,1
livrer interessant apprendre choses recommander chercher,1
livrer reconnaitre blessure technique concretes,1
adorer livrer richesse renseignement comportement conscient inconscient eclaire comportement reactions physique inscrit corps vouloir conseiller desirent travail simple clair lit facilement lire integrer choses echappe premiere lecture,1
perturber voir presque blessure presque relire calmer interessant comprendre vite fonctionnement aider pardon lorsqu decide lacher acceptation,1
livrer aider savoir comportement livrer bibliotheque partager,1
bel ouvrager detaille petit prix personnalite expliquee detaillee livrer,1
introduction profondement ennuye appreciera propre conviction affirmation naitre dieu interieur attirer ame environnement famille besoin prochain vie donner etoiles livrer chapitrer decrivent blessure fondamental valoir or modele proposer detaille suffisamment universel accessible livrer aider comprendre principal masquer mis placer adapter blessure vie replacer contexte enfance fragilites faciliter grandement comprehension acceptation,1
livrer utiliser connaitre mieux vivre quotidien offrir cadeau,1
recommander age parent grand parent enfant indispensablen hesitez minuter lire,1
lu livrer connait lise bourbeau expliquer amour compassion fonctionnement peur envier aider avancer chemin vie,1
livrer detaille blessure masquer porter lire relire approprier,1
livrer super enrichissant envoi ete rapide conformer delai annoncer,1
devore journee livrer mieux comprendre attitude reactions comportement reactions collegues outil utile souhaiter ameliorer relater communication utile cadrer remiser question personnel,1
vouloir prendre main emotions guider reactions vie quotidien falloir prendre premiere page croire livrer resume blessure associees aus infinite combinaison fondre blessure resument xce pouvoir interessant plonger reellement conseiller croire connaitre bonne lecture sceptique debut finalement retrouver travailler davantage trouver facon gerer crise spasmophilie,1
top achete docteur conseiller passer lourd provoquer choc psychologique emotionnel tomber malade finir lire honnetement top,1
excellent outil travail comprendre tomber pic parrcours,1
magnifique livrer mettre main an lis livrer developpement personnel lu livrer enseignement prendre conscience point reactions hauteur blessure point reagit partir manquer amour proteger entendu theorie maintes he vecu verite corps lisant livrer emerveillee passionnes etres humain pouvoir partager genre enseignement riche enseigner jeune age plutot apprendre calculer cosinus tangente savoir transmettre vrai outil comprendre comprendre monde monde meilleur ecoute depose armer lise bourbeau merveilleux cadeau tomber pic vie,1
livrer interesseant ete recommander professionnel developpement personnel matiere rapport qualite prix petit maison edition,1
lecture incroyable aider connaitre reconnaitre libre recommander lire monde point tresor lise,1
lu livrer air ete recommander,1
edifiant livrer clair conception langage direct vulgarise permis observer blessure psychique presque caricatural ami mieux comprendre reactions comportement mieux apprecier suite determiner propre blessure mecanismes defense rapporter finalite tolerance emotions negatives delice,1
satisfait livrer audio voiturer solarium pied pause top hate trouver,1
originalite ouvrager expliquer blessure psychique rejet abandon humiliation trahison injustice modeler corps physique mecanismes defense livrer baser lire relire grand apport comprendre attaquer blessee aider relativiser,1
baser comprendre comprendre completer acceptation lise bourbeau concretiser,1
cd doubler lecture livrer blessure empechent commentaire donner livrer appliquer cds facon prendre connaissance tresors ecoutant lieu lire allonger oeil fermer relaxer activite ininteressante ecoutant cds heure apprehende contenu livrer vue ensemble rapidement ecoute temps temps processus comprendre noter details ete remarquer precedement devenir claire impression formation entretien therapeute possibilite prendre repasser seance voix quelqu impact propre lecture lecture livrer papier atout particulierement revenir arriere comparer experimenter surligner correspondre sens facons complementaires therapie,1
livrer arrivee bonne etat agreable lire contenu plutot complet aimer partir corriger problemes,1
livrer permettre apprendre souhaiter evoluer vie quotidien livrer,1
ecris portee mieux connaitre changer cours vie changer comportement,1
livrer simplement cle transformation emotions inviter respecter aimer,1
ami presque an acquérir revoir axtraordinaire travail lise bourbeau interessant incroyable etude corps,1
livrer descriptif comportement mettre placer inconsciemment menacer raviver ancien blessure decrit comportement masquer porter situation menacer identifier comprendre conseil permettre transformer mecanismes cicatrisant blessure compassion amour inconditionnel developpes,1
livrer wow etais hyper septique ete agreablement surprise contenu outil,1
recommander souhaiter sentir mieux vie meilleur rapport,1
livrer lit vraiment apprecie gros observation analyser empirique annees auteur segmente humain profil type fonction sensibilite sentiment rejet abandon humiliation trahison injustice partir principe lutter probleme developpe comportement reactions masquer croire protegent segment fortement marquer partir principe corps former fonction segment dommage etoile melange observation empirique merite exister commentaire negatif precise theories fondement scientifique generalement passer observer empiriquement choses theories naître confirmation scientifique conviction personnel reincarnation rapport observation apporter decredibiliser travail observation eme point agacant tutoyer lecteur canadien mal abstraction choses agacantes livrer merite vraiment vraiment lu relu relu premiere lecture cherchee trouvee forcement croire description physique ressembler vraiment cru concerner lisant reconnu premiere lecture reconnu entourage problemes comportement agacant voir eme lecture sauter oeil eme lecture trouver chercher vouloir trouver quelqu venir esprit recoupais information concorder permis voir enfant souffrir blessure abandon responsable impression modifier comportement bebe voix transformer doucement voix bb voix garcon age permettre mieux comprendre tolerant recommander vraiment livrer,1
captiver etale explication blessure moyen guerir attendre savoir exister livrer guerison blessure achete livrer forcement,1
aimer concept titrer developpement decoit stade appris completement point obtenir deq confirmation progression avancee domaine preterai livrer plaisir ami besoin conseil contenir clair realistes moyen long terme demarche aller mieux long cheminement coup baguette magique compter resultat posseder chevet consulter quotidiennement aller oeuvrer vie tacher valoir peiner investir serieusement passionnement parfaitement futile perissable aller paix histoire choix propre perqonnalite prix effort amour vie oublier remercier temps vie univers dieu guider interieur obtenir aider permanence secret cas livrer servir enjoy life and lover it,1
aimer lire livrer permis decouvrir mieux comprendre reactions reconnu description mettre doigt essayer masquer carapace,1
livrer interessant donner confiance transformer vie voir ameliore positivant,1
auteur reussit presenter maniere accessible faille narcissique consequences formation individu,1
livraison rapide petit surprise interieur paquet petit livrer pocher formidable format pratiquer piur expliquer partout vendeur gentil attention,1
conseiller vivement livrer aider jour comprendre comprendre tolerant mm guerir blessure profondement ancrees suite lecture recommander exemplaire offrir aider,1
decouverte revelation psychologie reconfort livrer positif attacher comprendre jamais juger appel intelligence ressource propre utile indispensable,1
periode confiner moment recentrer livrer genial mettre lumiere blessure aider point voir clair accepter avancer,1
interessant souci livrer recommander etait plier reception facteur voulu enfoncer bal visiblement petit lire moderation,1
formidable decouverte perturber valoir vraiment coup comprendre choses guerir fameux blessure,1
livrer demander poursuivre ouvrage auteuralors poursuivre decouvrant,1
captiver evident comprendre coup relire livrer interessant,1
lire urgence calmer lucidite comprendre clocher savoir,1
livrer accessible aider mieux comprendre auteur tendance promo livrer ouvrager lire recommander,1
adorer livrer simple comprendre interessant comprendre mal choses recommander vraiment,1
lire relire trouver chose mieux comprendre,1
livrer reflechir blessure empechent avancer interessant,1
theorie interessante approcher interessante cerner autour livrer interessants lu apprendre connaitre connaitre,1
livrer permettre comprendre stupeur cacher constater corps mentir blessure avoirapres faveur trouver chemin guerir,1
livrer vraiment genial decouvrir vraiment auteur sensibilite incroyable recommander,1
livrer falloir accepter identifier blessure attention lire soir,1
interessant confus relire passage moment lire ouvrage voir clair,1
livrer mettre blessure comprendre consequences merveille,1
oui livrer esperais neveu ete convaincu passer commander lu replonger,1
livrer interessant apprendre choses regretter achat recommander,1
blessure empechent lise bourbeaulecture troublant revele blessure troubler verite trouver auteur donner solution apre aver decouvert blessure,1
livrer interessant mieux connaitre mieux interpreter peur apprendre reconnaitre masquer mettre placer proteger peur,1
livrer passionner riche enseignement demain bruxelles seconder stage rapporter livrer,1
livrer ecrit expliquer utile blessure enfance construire empechent vivre vouloir,1
livrer expliciter facile lire comprendre vrai plaisir decouverte,1
livrer aider identifier comportement pardonner pardonner blessure causees falloir garder esprit terme utiliser spirituel adonner lecture livrer offrir,1
lecture livrer remplir revelations aider mieux comprendre chemin parcourir hate arriver outil aider guerir blessure,1
livrer claire mettre kilometres passer etape parfait,1
lu livrer proposer analyser comportement attitude corporel basees blessure ancien forgees primer enfance facile reconnaitre premiere lecture,1
blessure decrypte monde lire livrer sceptique malheureusement bref lu atelier lu choses revenir petit livrer lire vraiment conscience,1
psychologue quebecoise decrit grand type psycho comportemental trouver caracterise aider lecteur comprendre mieux,1
livrer aider comprendre corps morphologie exprimer comprendre accepter livrer falloir prendre recul connaissance accessible facile lire livrer conseiller chercher ameliorer mieux comprendre vie,1
livrer accessible facile lire decrit parfaitement blessure travers exemple petit chapitrer pister guerison donner envier acheter livrer,1
adorer livrer vision differente vie interessant introspection livrer livrer aimer developpement personnel,1
texte dimension pedagogique developpement personnel clairement ambition auteur interet livrer apporter lecture claire accessible blessure genent expression expression aboutir ensuite reflexion quasi philosophique spirituel positionnement face defis jalonner vie lire,1
livrer presente expliciter blessure comportement declenches blessure comprendre identifier reactions,1
decouverte travers page nouvelle maniere observer reactions autour propre reactions livrer rafraichissant lit facilement repete rappeler particulierement partir identification blessure soigner blessure aborder brievement livrer decouvrir blessure reconnait comportement apparence,1
lire reconnaitra reconnaitra entourage aider claire precise efficace chemin developpement personnel lise bourbeau livrer donner cles mieux connaitre ecouter reconcilier recommander vivement,1
livrer surprise contenter achete lu trouver choses facile verifier reflete propre corps exemple peur difficile parent delicats cas acheter livrer lise bourbeau facon expliquer choses conquérir,1
super livrer lu livrer blessure abandon interpeller comprendre reactions dubien remettre question comprendre venir travers transformer relire douter,1
rapide conformer demanderien signalertout okje recommander probleme carplus pratiquer deplacer,1
blessure ame masquer correspondant decrits maitrise experience auteur livrer facile lire detour riche destination,1
fan auteur lire livrer acceptation conseiller entourage changer vie facon positif connaissance revelation,1
livrer interessant permis comprendre choses rapidement divan conseiller hesiter,1
interessant merite approfondir partir guerison suite lu,1
oui livrer recommander monde comprendre autoriser identifier comprendre mal,1
recommander livrer concernes petit format expliquer partout,1
livrer profondeur simplicite blesser enfance tracer pendantun moment prendre conscience mettre bienveillance parvenir depasser livrer mettre lumierela livrer recommander souhaiter guerir interieur,1
ecriture particuliere demander concentration livrer apporter eclairage pertinent grand faille humain portee,1
livrer mieux situer arcane complexer personnalite merite auteur rappeler,1
education bibliotheque recommander stage therapeute blessure,1
simple facile lire essentiel aider cerner empeche memeet donner solution,1
claquer revelation bouquin blessure saillant mere fille evidence servir soin detecter immediatement blessure patient travailler reparation priser conscience tomber masquer reflexes survie ames blessees priser conscience debut chemin,1
livrer changer vie vie bouleverser difficile admettre prendre reellement conscience propre blessure finir lire jamais finir reprendre regulierement lire suite guerison,1
contenu complet intact colis abime habitude poster,1
blessure globalite monde vie reparer existence analyser problemes tenter reparer,1
livrer ete conseiller pr alie bonne introduction commencer analyser,1
excellent livrer lit retrouver comprendre bloquer vie recommander vivement,1
recommander livrer apporter cles comprehension etres produit blessure passees,1
trouver livrer instructif fin chapitrer repete trouver point blessure expliquees,1
teinter verite chambouler face intimite retrouver propre blessure degre intensite impact comportement jour point introspection grandir personnellement soupconnais petit livrer ecrit vulgarise mis portee acheter offrir,1
livrer lit compliquer interessant mieux comprendre ami masquer porter causer blessure enfance masquer empechent progresser logique recommander,1
livrer recu delais emballage parfait livrer lire attention ecrit clairement falloir relire passage comprendre subconscient vivre lachant priser conscience,1
livrer facile lire auteur tutoyer lecteur bizarre debut facile comprendre expliquer observer autour amuser reperer type blessure apparence masquer comportement bref utile interesse homme,1
livrer vraiment donner perspective differente entourer traduction horrible falloir relire repriser comprendre traduction repetitions coup lecture fluide dommage,1
lu livrer jour pris note analysee analyser entourage livrer profondeur causer symptomes solution probleme vraiment cibler propre blessure surface merite analyser poussee comprehension psychique propre fonctionnement,1
comprendre nature propre blessure contact uniquement tete livrer mettre doigt blessure petit petit accueillir comprendre cheminer amour compassion toux sentir mal souffrir mettre origine souffrance,1
livrer interessant devore rapidement regard chacuns positif livrer apporter reflexion choses vie falloir prendre voir interet partir regret,1
livrer enrichissant apprendre comportement aimer styler lise bourbeau facile lien comprendre compassion humain recommander vouloir avancer vie,1
voisin impressionner flipper reconnait boulot reparer tt,1
livrer psychologie livrer reflechir amene poser question placer vie jour facile reponses question poser livrer trouver debut recommander,1
livrer priser conscience incroyable livrer definitivement changer vie perception recommander continuer puissance acceptation wahou,1
livrer epoustouflant verite reconnait suite cles donnees ensuite travail repos mettre main peur affronter guerir blessure,1
livrer interessant surprendre bouleverser retrouver commander suite livrer,1
livrer interressant bluffer appris revelation amorcer travail lecture,1
adhere ensemble theories livrer tri regorger elements pertinent aider aller sentiment evenements polluer existence recommander vraiment livrer aider vraiment lorsqu chemin paix interieure,1
livrer developpement personnel parfaitement ecris compassion etres humain appel tolerance amour soigner blessure interieur appliquer conseil donner long travail evidents valoir coup,1
lecture facile claire livrer aider incomparable cerner raison comportement mal comprendre mode fonctionnement pouvoir agir etreun meilleur livrer lu domaine,1
livrer arriver bonne etat livrer temps interessant lire content contenter contenter travailler boulot fille,1
exceller livrer partir livrer chevet comprendre fonctionner enfance importance entourage vecu lire evoluer vie souffrir tourner,1
adhere livrer idee etait pourtant bonne blessure decrites representent approcher interessante interpretation problemes existentiels decrire lecteur baser livrer morphopsycho approcher simpliste fondement dommage abstraction partir parer extremement crispant idees bonne prendre avis mitige,0
trouver origine mal vrai defi pister reflexion interessantes fournir demeler objectivement attitude comportement difficile concerner description physique corps permettre deceler tendance plutot exempter symptomes,0
porter apprentissage complexer liberateur lire lire comprendre strate,0
facon interpreter choses trouver echo partir falloir arreter,0
auteur tutoyer lecteur demarre premieres page reincarnation serieux depasser page,0
gros douter validite contenu gros masochiste maigre set choisir naître guerir blessure rejet noir noir juif comprendre auteur gober monde soignant charisme donner impulsion client changer impulsion besoin livrer parer grotesque,0
livrer bousculer principe elementaires systemes pensee recommander vivement envier evoluer,0
accrocher finir revendre nengage evidement aider jai prefere ouvrage theme,0
agir ouvrager contenir perdu milieu masser aneries description amusant rapport psychologie morphologie totalement fantaisiste pathologies rattachees grand faux idee auteur responsable conditionnement pathologique educatifs parental recus generateurs blessure troubler comportemental ulterieurs description travers ulterieurs artificiellement decoupes masquer amusant partir therapeutique escamotee total livrer acheter motivation oeuvrer assortir propagande livrer auteur obeir imperatif uniquement commercial lucratif,0
livrer ecrit simple auteur adresser lecteur identifier passage rappel cesser conferences lourd donner livrer aspect publicitaire morceau puzzle falloir lire livrer pub ensemble travail conseiller envier rechercher conseil donner lire ensemble livrer aller conference donner lise bourbeau,0
conseiller livrer lu page trouver absurde falloir croire oui blessure aimer aiteur decrit blessure physique penser trouver chose aider trouver demoralisant reincarnation bref croyance croire retrouver,0
etait premiere acheter livrer auteur sembler interessant malheureusement deception debut livrer surprise auteur ame reincarnation etait avere precise avancer livrer scientifiquement prouver blaguer appuyer observation experience probleme theories appuyer croyance choisir vie reincarnant rapide rechercher internet ressortir auteur controverse surprendre bref elaborer davantage evidemment attendre penser impliquer esoterisme final contentee survoler livrer contenu parer vraiment grotesque conseil passer chemin adheriez croyance auteur,0
livrer dur lire falloir pret lire pret changer pardonner flageller risquer retrouver partout descendre livrer avancer,0
attendre livrer lecture eme couverture conclusion espere benefique reprendre ete long livrer vraiment decevant,0
difficile conseiller livrer simplement bonne partir ouvrager dependre besoin lit lise bourbeau court theorie blessure psychologique apparence physique esprit blesser traiter corps accrocher partir description impression lire liste interminable caractere ressembler astrologie livrer regorger bonne pensees reflexions interessantes exploitees chercher evoluer reglant problemes personnel dela cas ami adorer ouvrager aider franchir lourd difficultes familiale liees enfance ouvrager permettre avancer pardonner leitmotiv,0
perdre temps argent livrer ensemble idees poussif queue tete grand raccourcir tendance sectaire,0
livrer commencer melange genre fortement deplu psychologie esoterisme prete admettre pouvoir theories basees experience vraiment percher mixer malheureux noter evidentes trauma lecture physique posture servir grand chose guerir blessure vie bonne route passer chemin,0
grand pourtant mis repris croyant mal regretter euro mis truc clair,0
venir terminer livrer devoir trouver livrer aider voir clair trouver fouillis negatif noter tutoiement auteur deplace ame reincarnation avouer nature sceptique trouver tirer cheveu reincarne guerir blessure provoquer maladie ex cancer gros exister famille cardiaque diabetiques guerit blessure famille transmis enfant partir principe auteur parvenir guerir blessure travail cas guerir cancer provoquer traitement servir gros partir principe voir vouloir venir hilarant ete lire gros culotter cheval blessure guerit repercute corps trouver vraiment partir loin avis allusion gache livrer pourtant bonne idees voir clair masquer porter quotidien auteur description comportement troubler livrer prendre besoin adhere auteur raconter savoir lecture livrer aider comprendre venir comportement savoir recommander livrer monde,0
decue lise bourbeau decrit blessure partir physique vie convaincu reincarnation exister maigre sentiment rejet expliquer theories preuve argument tirer cheveu avis recommander,0
livrer comportement lien blessure enfance difficile trouver blessure trouver blessure ressembler terminer livrer savoir nouvelle information manquer clairement cles sortir dommage,0
livrer vouloir scientifique citer freud consort ensuite bouquin relater experience personnel vraiment scientifique page comprendre bouquin religieux collegue conseiller regretter vraiment achat poubelle,0
deception esoterique gout louise bourbeau contraire amas explication completement fou blessure humain trouver desagreable tutoiement auteur lecteur bref argent jete fenetres passer chemin,0
deception total arrete lire livrer attendre vraiment esperais reponses aider recommander,0
travail tendance enfermer boiter forte trouver sain classer morphologie navrer regarder entourage differemment suite lecture ouvrager appuyer idees positif livrer lire bout oeil grand discernement prudence,0
definition caracteres correspondre blessure simpliste stereotype type physique ie facon correspondre blessure reconnu trouver livrer interet terme nouveaute terme developpement personnel,0
trouver principe baser completement neuneu profil physique ridicule bonne pister reflection rapport,0
livrer honte arreter chapitrer comprendre ecrire ramassi connerie pareil quelqu vecu,0
trouver theme livrer interessant reussi rentrer convaincu affirmer auteur description large maniere horoscope solution detaillees,0
personnellement ete transcendee livrer contenu etait accord idee etais description interessantes proposition surmonter difficultes developpees gout apprecie auteur renvoyer cesser ecrits precedents presque acheter pouvoir completer connaissance trouver idees derangeantes limiter sectaire livrer conseiller tenter toucher mieux,0
avis partir aimer styler ecriture agir livrer seance collectif reference serieuse auteur servir uniquement observation terrain domaine complexer psychologie trouver vouloir lire mauvais horoscope cas decu,0
mettre coter langage basique voir primitif message aider voir clair capable prendre recul croire lise bourbeau ecrit premiere serieux besoin aider blessure humiliation masquer masochiste damer enveloppee google image prendre besoin jeter,0
vraiment aimer livrer pourtant theme rapprocher lecture facon ecrire auteur approcher adhere,0
arrete chapitrer livrer delirant jugement livrer reponsables malheur rejet pouvoir arriver oui categorise physiquement dune nature rejete petit oeil diarhee cancer nature abandonner grand asthme vronchotes tomber lol bref livrer jete poubelle livrer ramassis connerie jugement regarder auteur cas avere,0
chercher retrouver description detaillee blessure repetitif interessant livrer apporter vraiment connaissance ignorees apprendre penser reflechir maniere differente conseiller vouloir travail facon serieuse,0
arriver mettre coter croyance auteur facon penser vieux jeu heteronormativite constante livrer interessant,0
lecture interessante souffrir maladie auto immun rigolade reincarnations franchement priser lise bourdeau affirmation sembler livrer delirant connote religion secte abus psychotrope aller savoir tomber piege valoir depense humble avis donner livrer servir caler meubler,0
penser trouver livrer emotions blessure emotionnelles ouvrager adresser croire reincarnation auteur debut fin,0
croire ame reincarnation desirez savoir problemes parent ouvrager parfait mal identifier type comportement partir croire aneries ame reincarnation,0
livrer blessure empechent subjectif manquer scientifique envier finir,0
livrer interessant souhaiter approfondir question relatif blessure presentes interpretation ensuite partir puiser livrer repondre attente recommander,0
conseiller ennuiyeux argument vouloir croire physique reflete personnalite argumentation livrer,0
reponses question etais posees excellent ouvrager lu faciliter relater,0
arrete lire bout page livrer partir delire vie digne film science fiction serieux dommage couverture pitch prometteur,0
decue contenu besoin etudes psy savoir contenu ouvrager,0
vraiment decue livrer numerique penser etait livrer papier aimer remboursee,0
livrer emmene interrogation informer utilement lire relire prendre conscience blessure diriger,0
baser blessure interessant trouver fourrer livrer auteur balancer stereotypes long gros petit trouver absurdite nom reference religion plaire monde legerement secte bord bouquin aimer developpement personnel lu ouvrage adhere livrer conseiller comprendre succes,0
aimer livrer copier coller alexander lowen decu,0
savoir formation auteur propos scientifique reposer disant observation commencant remercier grand psychanalyste asseoir sembler serieux retrouver evidemment blessure question retrouver horoscope perdu temps argent savoir falloir achete bouquin collection,0
livrer interessant ligne disseminees ensemble ouvrager decrivent profil type livrer fuire justifier affirmation grotesque auteur affirmer humiliees surpoids rejetees petit oeil enfoncer orbite cru lire ouvrager phrenologie baser scientifique observation auteur ensemble disparate lieu commun generalites deconseille,0
franchement achete livrer etait super accrocher,0
interessant aimer approcher lise bourbeau ecoute corps personnellement mal accrocher reconnu entierement blessure plutot melange portrait physique coller,0
honnete livrer gros ramassis absurdites jamais occasion lire demarrant relent phrenologie assimiler typologie physique trait caracteres definissant definitivement personnalite mode corps mentir jamais passer volonte targuer annees experience rechercher scientifique entierete livrer baigner courir new age rebuter adepte secte naturaliste compilation barnum palir jalousie astrologie blessure citees livrer retrouver parcours vie comprendre interet intelligence pouvoir trouver livrer rajouter auteur renvoyer constamment ouvrage douter acabit formation desireux avis ruiner proposer final solution attaquer blessure empechent attaquer occuper peiner dernieres page livrer vaste escroquerie draper oripeau scientifique aucunement credibles demander ami conseiller livrer eviter conseil acabit,0
lu avis positif negatifs acheter livrer lecture avis negatifs prendre sens livrer enorme farcer commercial limiter farcer dangereux trouver analyser pseudo scientifique mene verites propre fondre croire savoir etes colere parent rejete exprimer cancer exprimer avis damer sponsorisee montsanto vouloir avaler etes sentir abandonner diabete guetter attention humiliation menera obesite rajouter mc donald liste sponsor etais sincerement curieux decouvrir premiere ecrit traiter blessure inconscient lien idee incarnation ame decouvert livrer commercial acheter livrer comprendre point lire livrer reconnaître description expliquer remplir affirmation rhetorique basique analyser livrer gourou,0
barbecue vouloir association comportemental rapport morphotype auteur disant scientifique affirmer ame choisir corps souffrir guerison illettree conseiller peur regarder pathetique illustration,0
livrer claquer pointer doigt comportement reflexes nocif annees determinant prendre conscience blessure enleve etoiles elements discours parfait desaccord intervenir religion responsabilite mere pere blessure age blessure description physique blessure elements mis coter miser lumiere comportement origine blessure interessante,0
amusee reconnaitre analyser inconnu entourer travers ficher exhaustives avis completes bourbeau facon concevoir choses propre ame reincarnation presque pre disposition destiner dieu revisiter facon personnellement trouver sensee transmis religion monde adherera reduit vraisemblance profil psychologique decrits considere livrer support coherent bcp ouvrage petit inciter amour prochain travers comprehension tolerance pardon facile lire accessible presque amuser trouver dommage explication etats mental freud restreint periode petit enfance tutoiement gene agacer finir ajouter chapitrer vouloir expliquer surmonter difficultes theorie joli falloir palpable falloir concretement mis etoiles severe convenir,0
livrer laissee dubitatif trouver concept manquer interessants absolu source verites annoncees grand experience auteur cours atelier etudes statistique verites absolu falloir accepter evidemment chercher descriptif voir partout presque ouvrager falloir fier description physique corps mentir quelqu halterophilie auteur modifier corps lecture difficile deviner explication parues convaincant blessure falloir comprendre type personnalites blessure revolutionner idee disant monde quoiqu livrer echo trouver ouvrager source etaye nuire credibilite discipline developpement personnel aimer choix narratif lecteur singulier concerner trouver apporter,0
ok livrer occasion ok etait frais port franchement annoter commenter illisible poubelle,0
traverssant periode difficile conseiller livrer attendre trouver reponses trouver espere lisant avis bof,0
essayer reprendre lecture impossible adhere vision reincarnation pourtant livrer ressortir reference surprise premieres jette eponge,0
devoir receptive genre bouquin vraiment trouver caricatural etsans interet,0
souhaiter recevoir exemplaire livrer blessure empeche trouver rubrique changer commander,0
avis mitige livrer interessant fin attendre baclee uin decue finir livrer reponse,0
livrer interessant necessite lecture calmer evident comprendre lecture recommander neanmois,0
repetitions livrer impression relire attendre mieux,0
connaitre blessure acquérir naissance vie in utero voir causer blocage vie actuel livrer reconnaître obtenir outil avancer mieux secouer onde maree but retrouver mer calmer mer calmer naviguer serenite,0
auteur essayer mettre certitude nature humain maniere fonctionner definitions incertain multi factoriels psychologie comptoir souhaiter focaliser acheter livrer,0
envier lire livrer entendu therapeute conferenciere formee lise bourbeau reference decue contraire auteur droit essentiel perdre details inutile agreable lire formateur concerner achat conseiller,0
damer cree secte partir lu pris note blessure aider,0
avouer comprendre engouement autour livrer source fiable ecriture reellement construire psychologique philosophique faible vraiment fan livrer,0
fondre mis auteur reference noter esoteriques reincarnation demander comprendre croire interpretations morphologique compter environnement user compter obeses signifier americains victime blessure humiliation population douter chinois plutot maigre vivre humiliation esoterisme simplification,0
apprecie lire roman livrer psy philo classique bd carrement reussi lire dirigiste jeter franchement retrouver ouvrage affirmation apparence physique liee personnalite adresser experience vie pretes donner importance legendes urbain premiere page conviction reincarnation choisir expres condition toxique soigner blessure faillir fermer livrer pourtant chaudement recommander couverture franchement intelligent ouvrir passer chemin chercher ennui ironie,0
blessure fondamental origine mal physique emotionnels mental aider comprendre choses avancer conseiller,0
original etude sociologique psychologique lire esprit rationnel garder memoire societe mieux comprendre personnalites,0
livrer etude type psychologique comportement expliquer comportement subjectif baser experience toucher verite type impression retrouver type merite approfondissement reflexion,0
lu trouver blessure psychologie baser efficace recommander lire lire,0
livrer douter interessant ecriture deplaisantej abandonner lecture seconder blessure,0
lu livrer monde livrer aider prefere continuer ouvrage serieux sain reincarnation passer culpabilisation victime conseil propos refouler emotions sentiment comprendre quelqu adherer idees generales livrer,0
lu allee conferences lise bourbeau atelier attention propre point vue jamais,0
adepte livrer developpement personnel simplement accrocher vision auteur repetitions rapport nourriture perplexe lecture etait simplement,0
idiot imaginer imagination ete riche offrir charite jamais,0
ouvrager interessant approcher blessure visible physique plutot instructif regretter simplement repetitif paragraphe entier identique conseil pragmatique,0
theorie exposee enfermante risquer mal interpretee esprit fragile manquer appui scientifique interpretation subjectiver ecriture penible lire mal redondance lasser deconseiller,0
ecrit mal attendre solution recommander,0
attendre bouquin vivre perso trouver hauteur document lusur venir bouquin perdu,0
shematique reconnaissance blessure interessante evoluer mieux cerner blessure empoisonner,0
savoir deteste lecture amas utilisation reincarnation support raisonnement comportement donner affirmation foetus modifier activement morphologie satisfaire etat psychologique donner livrer collection generalites reminiscente horoscope balle melant psychologie religion interpretations comportemental morphologie eviter prix,0
lu livrer moussa nabati coup livrer ete ultra spectaculaire savoir monde facon elogieuse mettre auteur pied estale savoir critiquer lu livrer er developpement personnel accrocher auteur adresser lecteur tutoyer maitresse enfant voir cruche recommander livrer raison evoquees,0
fondement interpretation blessure certainement ecriture lourd repetitive manquer vraiment nuancer apprehender sensible,0
deconseille fortement livrer reduit personnalites considere malsain preferable rencontrer vrai therapeute,0
branchee developpement personnel livrer generalites analyser percutant auteur expliquer morphologie traduire blessure trouver verifiables decue ouvrager recommander pris peiner lire bout,0
arriver rentrer livrer impossible terminerje convaincu affirmation auteur,0
apprendre connaitre etait ecrit fronton temple delphes repris socrate comprendre phraser chemin arriver long benefique principe comprendre etat demarche bourbeau signer exterieurs permettre constater chose presque curatif posterieur preventif pro actif methode merite exister lire debutent science,0
inutile confiance avis bref gaspillage argent concret ouvrager insipide repetitions menent dommage,0
lecture aisee rapide facile penser blessure hesiter prendre temps lire ligne revenir portrait,0
livrer honte facon recu etat pitoyable foutage heureusement couverture voir photo,0
complexer debut retrouver blessure falloir relire partir choses avancer,0
decue contenu but livrer partir argent,0
traiter facon original survoler vite terrible revelation lecteur aguerrir,0
franchement arrete chapitrer lier psychologie croyance religieux erreur monumental femme choisir famille reircarnons repeter schemas vie croyance acceptable demander inconsciemment choisir famille indirectement choisir peres violerons exemple toxicites choisir but guerir vie similaire vecu actuel croyance etait populaire revenir refuser temoignage victime inceste ame choisir famille choix guerissez responsable choix devenir responsable subir oui sentir mieux lisant bouquin but rest acceptation accepter responsable heureux fourvoiement conseiller livrer,0
auteur imposer croyance reincarnation corps subtil debut precise couverture chretien ete stopper net lecture publicite indirect acheter livrer premieres page,0
apprecie lecture livrer lit portrait stereotypes sense reconnaitre ensuite pister progresser decue livrer recommander,0
vraiment bizarre erige idees opinion rang verites immuable corps correspondre blessure special lu bout aimer abandonner livrer blessure vraiment sceptique aimer livrer developpement personnel chercher aimer livrer idees saugrenu foncer voir,0
arriver rentrer lecture livrer idee bonne auteur decrire blessure identifier morphologie apparence physique comportement apporter mettre dent conseil descriptif stereotype decue,0
facon delivrer message compassion pardon decrits religion occidental oriental solution mal souffrance humain convenir lecteur plutot hermetiques tradition spirituel courante ouvrager ecrit americaine description cas vecus considerer plutot rapport etude utilite analyser comportement attention ineptie sentir coupable honte honte sentir coupable etait cas honte pere boire sentir coupable,0
commencer fort affirmation vie choisir futur parent fonction blessure passees reparer accumulation theories fumeur basees observation humain vouloir scientifique avaler propre croyance science,0
livrer savoir blessure empeche sceptique rapport lien auteur physique,0
effort synthese point reperes hierarchiser priorites description profil type reductrice,0
styler contenu livrer prendre coter cible,0
livrer lire uniquement adherez genre concept achete essayer comprendre choses aider contraire remuer choses devoir conseiller etes pret remuer passer,0
livrer comprendre blessure comportement entourage bemol aider guerir valoir mieux acheter guerir blessure but guerir,0
livrer contenu inegal idees interessantes gene fonctionnement completement fermer sectaire raisonnement auteur defend presente idees verite incontestable absolu critiquer remiser question pensee automatiquement assimilee mecanisme defense eclairant valoir peiner lu garder esprit critiquer,0
tas ineptie melanges vague noter psychologie philisophie oriental renicarnation bref livrer deprimant apporter grand chose positif constructif heureusement,0
ensemble blessure parfaitement comprehensibles langage employe chiffonner ancien vie dieu genee idees repetitions chapitrer rallonger inutilement livrer annoncer chapitrer enseigner guerir blessure dommage longueur final livrer douter facile lire impression rentrer secte lisant,0
facile lire auteur mettre doigt aspect reflexion aider connaitre evoluer positif mieux lire,0
verites opinion personnel bouquin mitige aider,0
mettre etoile esoterisme pseudo verites aimer livrer,0
livrer troubler decrit maniere correlee surprenant trait caractere personnalite comportement physique subit blessure enfance coter auteur lier blessure concept esoteriques reincarnation ame livrer instructif agreable lire deroutant superposition description criant verite concept lier spiritisme psychosociologie,0
verification bouquin edite entreprise soupconnee mivilud canada deviance sectaire poubelle,0
interessant livrer penser barmum lol ecrit intriguer retrouvee blessure comprendre voisin,0
simpliste achete livrer voyant commentaire faudait heredite genetique former corps emotions resument voiler,0
ideal jeune fille an plage triste psychologie morphopsycho lieu commun chaques page aberration paragraphe triste,0
depasser deuxieme chapitrer interet tentative mal ecrit canadien croire effort adaptation francais dommage,0
livrer inutile nevrose lecture analyser,0
livrer proposer lecture formation visiblement lu commencer persuadee decouverte finalement ete flop total trouver compliquer lire melangeant information derangeant ame choisir famille nait devoir revenir terrer regler regler vie precedentes naître decide blessure guerir blessure perpetuent generations generations vrai douter pousser peser donner impression engluer blessure jamais pouvoir sortir blessure profond superficiel guerir accord idee ecoute corps apprendre connaitre vraiment prendre conscience blessure livrer aider voir clair plutot tendance compliquer avis finalement retrouver forcement blessure developpees difficile partir choses,0
psychologie marcher tordu interet penser lire livrer developpement personnel intro auteur vie dieu decroche,0
aimer lire livrer lu jour auteur science infuser choses vrai sceptique face attendre auteur avancer idee reincarnation empeche livrer universel prendre mauvais recommander lire livrer souple livrer interessera quete sens,0
attendre texte profond emplir former sagesse rencontrer tentative etiqueter comportement decu livrer rater objectif intention parer bonne,0
train lire passage offrir version portugais fiancer,0
aimer donner sens vie repondu veritables attente,0
decue contenu interessant livrer detail styler lourd,0
peiner quarantaine page lu envier finir livrer developpement personnel interessants recul gober partir lise bourbeau considere reincarnation etat theorie simpliste balancee sortir propre imagination donner these scientifique prouver apprecie references systematiques presque livrer employer terme connu lecteur lieu expliquer clairement marketing cacher gros falloir achete livrer comprendre vrai sentir mal lisant livrer subjectif raison simple lb placer caser croire simplement choisir experiences malheureux vivre actuellement causer vie detailler grossierement voiler idee ensuite affirmer choses regler parent aimer bonjour psychologie comptoir ensuite maniere attribuer mal psychologique observer physiologie trouver honteux maigre quelqu fuir situation gros aller lb blessure raccourcir simpliste trouver ecrire ineptie pareil connaissance scientifique genetique medecine exister livrer fuir,0
ben che ligne gros feignasse courage lire image falloir essayer lire chose synopsis bouquin tenter mettre porter livrer wc fille mettre,0
franchement lis adorer probleme estimer empeche lancer avancer professionnellement voulu savoir venir pallier probleme trouver imposer mettre retrait oser lancer peur echouer jouer tour moment trouver interessant coup sentir mal trouver livrer choisir situation pouvoir identifier modulable propre conduite conduite entourage impression livrer diriger facon voir choses sens sentir couper monde reel blessure lier physique ame reincarnation choisir famille mal reincarnation vraiment bizarre conseiller sentir mal quete identite trouver pensee livrer sectaire dangereux,0
percher vouloir truc feel good impression lire tract secte,0
grand attente ouvrager ete decue adhere approcher trouver conclusion credibles,0
impression lire horoscope magasiner monde reconnaitre partir auteur affirmation apporter justification partir principe maniere voir monde science verite donner possibilite remettre question croire affirmer apprecie propos illustre prouver interesser vision,0
reincarnation pretendue psychanalyser noter basique foi chretienne melangez bonne commercial adresser accables vie best seller arnaquer,0
premiere approcher merite degrossir blessure aller profondeur conseiller annie marquier liberte lise bourbeau visiblement inspiree detaille contenir tacher transformation blessure precis guerison blessure livrer permis priser conscience mettre etoiles,0
lecture livrer sembler rebarbative passage reconnait blessure decrites instructif,0
trouver ouvrager eclairant utile montrer role blessure fondamental vie humain consequences entrainent homme facons proteger realite trahir entretenir explication parer totalisante blessure expliquer reellement aller soutenir falloir voir victime gardien camp concentration detenu camp ete responsable arriver choisir vie victime expliquer bourreau,0
accrocher livrer avis,0
immense deception rapport pretentions annoncees livrer pretendre humanite divisee categories gros maigre image eculees phraser associer pretendues theories medicales lier maladie apparence delit facies permanent emplir psychologie balle vite fuir,0
commencer lire livrer ete recommander ami recu etat,0
contenu resonne livrer perplexe auteur appel noter critiquable dieu reincarne choisir incarner parent souffrir dommage enleve livrer contenu trouver importer aider mieux voir masquer adulte imposer survivre suite blessure enfance permettre fur mesurer detecter moment porter masquer corriger terme nevroses heureux lire filtrer,0
trouver dangereux vendre genre livrer reposer scientifique theorie credible etait agrementee blabla scandaleux,0
meilleur vente personnage scientifique auteur indiquer ere page cas apprecier livrer falloir croire vie mourir reincarnation physionomie rencontrer difficultes vie,0
aimer livrer point perplexe rattacher type physique blessure facons long point science exact aimer histoire naitre ame enfant choisir famille descriptif blessure interessant partir reconnaître,0
complement puissance acceptation audiolib these bourbeau plutot fantaisiste coter psychologie positif agreable lire humainun livrer mieux mieux vivre cordialementcatou dumont,0
friand livrer genre conseiller allee definitivement repetitions choses evidentes redite long page sensation coup perdre temps lecture,0
livrer psychologie balle lecteur livrer lire psychologie livrer developpement personnel scientifique monde ecrivait livrer blessure vie livrer ecrit uniquement prendre argent entrer profil menagere go go go,0
livrer coup ete revelation masquer avouer fichu coup pouvoir rejeter fauter temps adaptation permis comprendre falloir prendre responsabilites vouloir avancer falloir tomber fameux masquer oui point faible livrer perdu fin finir reconnaitre blessure analyser tourner rond lise bourbeau donner solution accepter tomber expliquer vraiment retrouver perdu tracasser lu personnellement lu livrer coreen levis aimer reponse livrer importance aimer expliquer detaille donner technique arriver changer resumer livrer lise bourbeau priser conscience blessure porter masquer insuffisant savoir tomber completer,0
bof interessant raccourcir idees recues apporter reduisent relater humain,0
theorie livrer super idee blessure mal detaillees cataloguees probleme impossible retrouver blessure melange prete famille constat admettre cible blessure pister concrete remedier vaguer theorique gros deception partir,0
quelqu prendre soin livrer voir livrer arriver couverture arriere pliee plait livrer abime collection venir recevoir,0
decue aimer ennuyee reprendre mois livrer tomber moment vie principe poser reprendre ulterieurement,0
apprecie profil correspondre blessure pister reflexion vouloir mieux connaitre manquer confiance rechercher mieux definis profil dommage trouver information pouvoir mettre oeuvrer reparer blessure,0
adhere idees pertinent auteur trouver niveau moyen raisonnement idees inspirer travailler analyser,0
contenu livrer completement delirant voir commentaire positif,0
bouquin achete ecrire article masseur sophrologue stage lise bourbeau remplacer temestat ideal endormir minuter etres interesse pouvoir abstenir,0
youtube blessure livrer voulu lire attendre appris concret savoir ecoutant chaines developpement perso partir elucubrations finalement solution pister concrete guerir blessure commentaire negatifs precedents pris livrer gratuit audible contenter payer ecouter,0
produit arriver abime etait cense couverture completement pliee etait cadeau honte offrir,0
gros deception livrer expliquer naître caser citer phraser livrer donner droit hair parent sexe developper cancer maladie associee rancune haine suite douleur vecue isolement arriver avouer voulu parent cancer wtf phraser defiant logique parsement livrer,0
livrer donner cles apprendre connaitre travail recommander souhaiter developpement personnel essayer evoluer vie,0
livrer interessant trouver information interessantes propre parcourspar livraison chronopost insatisfaisant livreur prendre soin presenter envelopper deposer bureau poster monde maison matin soir mention aviser site chronopost vraiment serieux professionnel mensonger simplement premiere,0
adhere mettre caser regarder physique reducteur finir lecture,0
troubler retrouver reduit blessure profil essayer comprendre analyser interessante pris partir coter commentaire auteur nait famille mal interessant,0
contrairement attenter trouver lecture pertinent livrer pourtant ete conseiller renouveler experience etait moment,0
guerison blessure lire snon pouvoir comprendre reactions comportement manquer partir solution,0
livrer finir paragraphe lire relisent comprendre,0
debute livrer decouvre references dieu vie problemes regles reincarnation trouver etrange lier developpement personnel reincarnation agir croyance religieux personnel auteur croiser croyance rechercher psychiatre vouloir rechercher servir propos moment impression chercher attirer secte debute livrer donner droit changer avis partager article trouver ouest france auteur lise bourbeau fondateur mouvement ecoute corps angers debut octobre mouvement presente risquer sectaire mission lutter secte mouvement ecoute corps lise bourbeau figurer liste noir voir risquer sectaire miviludes mission lutter secte mouvement ecoute corps lise bourbeau figurer liste noir voir risquer sectaire miviludes mission lutter secte ouest france marian deumie publier attention danger conference attirer attention liguer droit homme cippad centrer information prevention psychotherapies abusif maine loire conference apparemment anodin theme ecoute corps priori conferenciere plutot controversee lise bourbeau vendu centaines millier livrer expliquer maladie origine psychologique reference nouvelle medecine germanique dr ryke geerd hamers condamner inciter patient atteint cancer abandonner traitement mouvement ecoute corps figurer liste noir voir risquer sectaire miviludes mission lutter secte,0
petit ouvrager approprier psychanalyser morphopsychologie etablir diagnostic soin psychologique blessure psyche humain interessant agreable consulter facile assimiler gout simpliste ouvrage developpement personnel nord americain auteur quebecoise,0
blessure classique plonger developpement personnel rapidement echo priser conscience personnellement accord point complete lecture ouvrage auteur vision aboutir blessure,0
retrouver mieux bdm verites livrer lire avantsi connaître asser avancer doucement surement,0
lu monde sensation apprendre grand chose facile lire agreable,0
pseudo psychanalyser coach franc plutot approcher croyance personnel bonne noter psycho livrer vraiment bof ok corps esprit marcher symbiose top blessure provoquer problemes peau diabete myopie devenir bi polaire cancer tomber coma bref liste passer exagere falloir mieux acheter livrer collection odile ecris pro boris cyrulnik resilience utile,0
super interessant regretter achete livrer plutot general prendre cd reecouter information rentrer contenu cd superficiel reecouter connaitrais coeur utilite regretter pris livrer trouver details profondeur,0
livrer depasser eme page explication superficiel esoteriques reposer experience scientifique psychologique fuir,0
figurer naitre dieu interieur attirer ame environnement famille besoin prochain vie morphopsychologie moyen age affirmation categoriques fondement rire plutot pleurer concerner constipation crise hemorroides liees blessure injustice savoir,0
instructif lu trouver correspondre avancecela manquer conseil,0
mal ecrit habitude auteur repetitif arret lire remettre tard,0
apprecie livrer trouver mieux homme vouloir heureux mettre etoiles livrer analyser fonction physique reflechit bonne analyser defaut retrouver portrait commencer demander finalite ben grand chose livrer mis main importer syndrome france telecom risquer poursuivrebonne lecture,0
simplisme allier betise veritablement affliger auteur commencer remercier freud jung etaient ami coquetterie futile parer affirmer falloir reincarner guerir insatisfaction reveur penser agir croyance danger aider vivre foi mourir homme regarder referer premieres page peres psychanalyser reincarnation maniere croire lecteur professionnel largement melee precisions ensuite importance vocabulaire explication livrer personnellement aimer auteur arretent ecrire decouvert constater pondre constat ultra basique enfoncages porter ouvrir simplification etroites devenir vraiment faux bref pathetique melange psychanalyser classique croyance esoterique pub,0
recommandee medecin contenter lu recommander poser question vie,0
exemple auteur ecrit ventre mere blessure porter livrer ecrit choisir parent enfant an choisir parent maltraitants livrer auteur assene verites definitives preuve reference bibliographie lecture livrer lecteur,0
apprecie lecture reconnu passage coter spirituel religieux derange vie dieu rapport vrai vie terrer blessure naissance ame venir terrer regler blessure interessait achat etait coter psychologique scientifique trouver partir loin spirituel dommage fondre etait vraiment interessant credible blessure comportement former corps vouloir voir ouvrage voir chemin mentionner jesus ecoute corps religion rechercher expliciter descriptif terminer voir livrer aider solution livrer pub livrer formation conseiller,0
livrer mal vraiment decrit blessure menent long vie arriver connaitre approximativement blessure bemol redondant longue,0
terminer lecture livrer approcher blocage complexer facile lire conseil prendre papier crayon noter fur mesurer interessant,0
vrai torchon aller vraiment mal garder vrai therapie genre lecture semera douter esprit frole viol intellectuel,0
achete livrer suite coup tete regretter pris temps regarder commentaire adhere raisonnement simpliste scientifique auteur franchement decue,0
grand fourrer agreable lire limiter indigeste decue comprendre succes ouvrager,0
livrer americaine secte croire auteur copier coller texte fin presque chapitrer,0
propos grotesque culpabiliser minimum connaissance psychologie deconseille vivement jete,0
parfait lisant trouver petit choses marquer preteet contenter savoir reflechir mieux oriane,0
niveau presque zero psychologie baser classer former trouver dangereux idee blessure coherente blessure vraiment tenter aller mieux mental aider mental occidental croire dommage limiter convaincant,0
decue sentir super mal lisant livrer terminer jete juger rapport physique,0
aimer styler ecriture auteur tutoyer lecteur connaître description generale retrouver partout horoscope train lire moment livrer alice miller trouver interessants,0
classique facile liremais redondance choses tirees cheveu,0
espece souper simpliste ecrit styler depourvu interet fin chapitrer litteralement copiees collees respect lecteur chercher ameliorer relation livrer lire,0
rejeter choses interessantes contenu global orienter new age marcher vendre bonne foi genre auteur solution proposees finalement court court bref moyen recommander,0
mitigee ouvrager segmente etude interessante reflexions reactions conseil approcher donner envier creuser premiere approcher,0
livrer interessant identifier blessure souffrir suffisamment conseil soigner blessure livrer essentiel cas valoir mieux therapeute accompagner travail,0
lien etat psychologique corps vouloir definir blessure type morphologies associees facon coller theorie enoncee reflechi chercher blessure ete vie mal type raisonnement cas chercher fondement scientifique baser experience auteur coter risquer acheter livrer,0
retrouver heureusement malheureusement cas donner reflechir,0
livrer auteur forcement essentiel arretee milieu livrer etait long explication concis bla bla final mis livrer coter etagere,0
deception recommander achete tissu aneries affliger baser meltingpot psychologie bazar zeste esoterisme truc delirant lu allee lire bout ete penible voir auteur moquer lecteur givree cas graver,0
trouver elements convaincant noter redondance ecrit attrayant,0
eviter prix premiere vie mettre livrer poubelle recyclage pourvoir revient vie,0
interessant simpliste exister ouvrage approfondir documenter complet traiter question,0
lire mystere debut chapitrer corps posture attribut physique determines caracteres flou artistique total savoir placer peau os obeses courber ohhh arrete ecrire choses absurde lire livrer facilement chapitrer ressembler precedent lit retrouver partout nulle partir comprendre jamais type livrer gagner reconnaissance,0
livrer correspondre facon penser idees,0
genre ecrire commentaire prendre cataloguer genre morphologie appuyer propre ressentir references literraire mis partir remerciement incongru freud preface references etudes volonte transmettre livrer merite figurer rechercher personnel limiter sectaire risquer dangereux,0
prevenir interessees livrer auteur bonne marketeuse psychologue decrit disant blessure comportement physique monde connu sentir forcement concerner moment croire disant blessure finalement preconisez livrer guerir oui rejeter idee blessure normal auteur partir processus conseiller acheter livrer guerir bref livrer extremement negatif malsain auteur croire problemes cataloguer ensemble attitude monde vie conseil auteur guerir acheter livrer deconseille fortement inviter tourner livrer positif,0
fortement conseiller livrer achete lu deteste desagreable approuver propos,0
livrer aider dommage reussi terminer pourtant etais enthousiaste idee lire,0
analyser simple appui scientifique reel raccourcir generalites loin gouut air psychanalistes fondre plutot imager gourou moderne,0
passage tirer cheveu manquer clarte lire transversal categorique illustration pauvre,0
livraison semaine livrer commander recommander livrer souhaiter finalement perdu bout semaine falloir relancer apercoivent commander disparu rembourser simplement lamentable deconseille cadeau,0
envier commenter livrer trouver nullissime savoir auteur tirer conclusion scientifique aider cas chercher moyen vivre blessure perte temps argent,0
livrer acheter auteur decu decrit causer type morphologie facon suffisamment large pouvoir retrouver livrer plutot court simple lire agreable lu livrer connu ecoute corps tome tome risquer decu aborder theme tome developpe origine morphologies livrer apprendre aider surement mieux comprendre solution acceptation livrer chapitrer etoffe ecoute corps matiere livrer coter commercial visible conseiller lire ecoute corps,0
lire interet fonctionnement coinperso vie devon connaitre parcours pouravancer mieux,0
livrer bonne qualite envoyer temps expedition oka lire remettre question,0
theme interessant passage donner reflechir pauvre page contenu melasse informer croisee psychologie comptoir shamanisme horoscope closer auteur appuyer mecanismes pyschologiques classique compensation tirer blessure description large vaguer auteur cesser repeter reconnaitre totalement partiellement monde trouver chose concerner horoscope fin compter livrer problemes reconnaitre apporter solution reelle auto promotion renvoyer bouquin copier coller conclusion chapitrer conseil inciter ami acheter livrer theme interessant passage reflechir melasse psychologie comptoir shamanisme horoscope pub fuir,0
regretter achat livrer incoherent apporter comprendre analyser regarder physique foutaise livrer deconseiller,0
tirage tarot psychologie generalisations extrapolation grotesque livrer apprendre,0
lu premieres page doucher froid page refermer livrer expliquer falloir savoir choses achete livrer mentionner partir auteur affirmer douter choississons famille nait face blessure resorber partir livrer entierement baser morphopsychologie exemple gros nez forcement meneur gene morphopsycho indiquer fil conducteur long livrer gene psychologue affirmer science fiable controversee grand majorite psychologue accorder credit facon voir choses chose etonnante trouver livrer experiences psychologue affirmer petit tailler forcement timide etude menee consequent tirer conclusion impressionner livrer desole mediocre objectif engouement montrer appeler preuve social inviter lire avis poster commentaire essayer influencer commentaire,0
imaginer mou vie manger nourriture plutot liquider solide naissance paquet chamallows ete salle naissance inconscient voiler livrer continuer lire etait bete trouver concu facon endoctriner tutoiement influencables retrouver noter blessure empeche contraire blessure mieux aller chercher,0
livrer auteur utiliser tutoiement lecture moitie livrer survoler chapitrer morpho psychologie morphologie signifier subir blessure chance temps mme bourbeau exposer blessure essentiel ininteressant aimer lecture science humain psychologie coup accrocher prefere etudes psycho genealogie psycho somatique verifiable utile voir lien famille voir nousvotre corps memoire partir tracer souvenir profond esprit oublier registre aider enfant developper estimer,0
correspondre partir verite cas libre retrouver falloir savoir analyser,0
repetitif debut fin perdre latin km,0
apparement idees blessure evoquees auteur psychanalyste americain ensuite idee baser bonne attribuer physique problemes sante fonction type blessure subit releve charlatanisme reel developpement personnel premiere vie jette livrer poubelle rendu deuxieme blessure,0
livrer baser blessure creer physique predefinit gros masochiste proportionnes dominateur manquer aspect blesser etres humain mentionner choisir tourner psychologie basique astrologie debuter self help developpement personnel recommander coter astrologie caser risquer pousser jugement styler conscience maigre vouloir foutaise complexer gros masochiste vivant dominateur soumis fuyant maigre masochiste etait simple savoir voir apporter information verifie pifometre fin livrer apporter final methodes solution concretes guerir,0
tirer cheveu globalement noter interessantes redaction difficile soporifique haïr tutoiement utiliser redaction,0
livrer honte psychologie etage apport scientifique valider propos auteur baser experience purement personnel monter piece faux verites oser ecrire croire rancune mener cancer fuir tomber coma parer deplace finir deuxieme chapitrer ineptie,0
psychologie comptoir fin soiree banalites cliches promettre savoir souffrir savoir lecture livrer arriver bout etes probleme psychologique,0
titrer ame incarnation dieu interieur gout effectivement retrouver cas voir franchement livrer appris simple auto evaluation critiquer,0
attendre revelation references livrer auteur suggerent acheter vouloir comprendre pensee profil detailles finalement reconnait trouver contredire aimer debut douter lire profil pareil trait caractere definissent bref arrivee fin profil savoir pouvoir retrouver personnellement apporter lu profil finir recouper retrouver nulle partir partout facile guerir arriver definir guerison falloir acheter livrer auteur apporter solution attendre revelation chemin finalement trouver quelqu equilibree idee pardonner ok pardonner mal question avis supposer prix eleve conseiller essayer quelqu,0
impression lire truc secte prete lire genre bouquin,0
science infuser mal avis grand construire souffrance reincarnation exister poser question lise bourbeau savoir probablement acquérir,0
eduisant imaginer physique revele partir blessure avancer lecture livrer difficile adherer postulat baser reincarnation guerir blessure perdre credibilite ouvrager fondement scientifique livrer femme best seller blandine,0
livrer paraître prometteur possibilite mettre etoile redondance fin blessure appeler ecrire demarche sembler interessante devenir vite ennuyeux lu livrer deconseille grand regret,0
lu graver therapeute former adequat infiniment benefique voir commentaire ecoute corps auteur,0
promesse livrer permettre identifier blessure souffrir guerir bonne acceder paix promesse allechantes blesser former livrer lise bourbeau employer affirmatif adresser lecteur tutoiement precisait etait prouver scientifiquement debut ouvrager lecture friser discussion cafe commercer appuyer travail psychiatre john pierrakos partir mention travail releve auteur citer pierrakos identifier fameux blessure jamais trouver decris partir regulierement auteur precise terme definis ouvrage agacant vrai probleme livrer situer rapport malsain auteur lecteur tutoiement rapprochement detruit distancer propre esprit critiquer symptomes rentrer diagnostic commun lecteur vite retrouver blessure forcement cas mouvement ecoute corps maison edition auteur partir liste noir secte etablies miviludes bref raison livrer eviter,0
achete livrer curiosite retrouver adhere,0
esperais bonne surprise livrer confirmer exister phenomenes mode developpement personnel expliquer incroyable quantite livrer vendu lise bourreau exemple reduire humanite type physique presenter theories psychologique simpliste,0
livrer ramassis connerie master psychologie honteux partir auteur mentionner grand auteur participer theorie croire lire reducteur problematiques humain,0
decu amazon mis livrer best seller lit controverse auteur melange psychologie religieux rapport commission enquete derives therapeutiques derives sectaire sante danger mettre garder extrait alzeihmer maladie moyen utiliser fuir realite present atteinte maladie ete genre occuper utiliser memoire effectuer tacher quotidien immerger essayer oublier incident passer souffrir abject passer opinion cancer amazon revoir algorithme niveau chercher bouquin psychologie finir ouvrager mauvais foi melangeant jeter livrer davantage nuir guerir,0
references reincarnation surpris attendre explication scientifique description comportement raison declenchent comportement interessantes,0
